"Label (Grouping)","State Senate District 1 (2024); Hawaii!!Total!!Estimate","State Senate District 1 (2024); Hawaii!!Total!!Margin of Error","State Senate District 1 (2024); Hawaii!!Percent!!Estimate","State Senate District 1 (2024); Hawaii!!Percent!!Margin of Error","State Senate District 2 (2024); Hawaii!!Total!!Estimate","State Senate District 2 (2024); Hawaii!!Total!!Margin of Error","State Senate District 2 (2024); Hawaii!!Percent!!Estimate","State Senate District 2 (2024); Hawaii!!Percent!!Margin of Error","State Senate District 3 (2024); Hawaii!!Total!!Estimate","State Senate District 3 (2024); Hawaii!!Total!!Margin of Error","State Senate District 3 (2024); Hawaii!!Percent!!Estimate","State Senate District 3 (2024); Hawaii!!Percent!!Margin of Error","State Senate District 4 (2024); Hawaii!!Total!!Estimate","State Senate District 4 (2024); Hawaii!!Total!!Margin of Error","State Senate District 4 (2024); Hawaii!!Percent!!Estimate","State Senate District 4 (2024); Hawaii!!Percent!!Margin of Error","State Senate District 5 (2024); Hawaii!!Total!!Estimate","State Senate District 5 (2024); Hawaii!!Total!!Margin of Error","State Senate District 5 (2024); Hawaii!!Percent!!Estimate","State Senate District 5 (2024); Hawaii!!Percent!!Margin of Error","State Senate District 6 (2024); Hawaii!!Total!!Estimate","State Senate District 6 (2024); Hawaii!!Total!!Margin of Error","State Senate District 6 (2024); Hawaii!!Percent!!Estimate","State Senate District 6 (2024); Hawaii!!Percent!!Margin of Error","State Senate District 7 (2024); Hawaii!!Total!!Estimate","State Senate District 7 (2024); Hawaii!!Total!!Margin of Error","State Senate District 7 (2024); Hawaii!!Percent!!Estimate","State Senate District 7 (2024); Hawaii!!Percent!!Margin of Error","State Senate District 8 (2024); Hawaii!!Total!!Estimate","State Senate District 8 (2024); Hawaii!!Total!!Margin of Error","State Senate District 8 (2024); Hawaii!!Percent!!Estimate","State Senate District 8 (2024); Hawaii!!Percent!!Margin of Error","State Senate District 9 (2024); Hawaii!!Total!!Estimate","State Senate District 9 (2024); Hawaii!!Total!!Margin of Error","State Senate District 9 (2024); Hawaii!!Percent!!Estimate","State Senate District 9 (2024); Hawaii!!Percent!!Margin of Error","State Senate District 10 (2024); Hawaii!!Total!!Estimate","State Senate District 10 (2024); Hawaii!!Total!!Margin of Error","State Senate District 10 (2024); Hawaii!!Percent!!Estimate","State Senate District 10 (2024); Hawaii!!Percent!!Margin of Error","State Senate District 11 (2024); Hawaii!!Total!!Estimate","State Senate District 11 (2024); Hawaii!!Total!!Margin of Error","State Senate District 11 (2024); Hawaii!!Percent!!Estimate","State Senate District 11 (2024); Hawaii!!Percent!!Margin of Error","State Senate District 12 (2024); Hawaii!!Total!!Estimate","State Senate District 12 (2024); Hawaii!!Total!!Margin of Error","State Senate District 12 (2024); Hawaii!!Percent!!Estimate","State Senate District 12 (2024); Hawaii!!Percent!!Margin of Error","State Senate District 13 (2024); Hawaii!!Total!!Estimate","State Senate District 13 (2024); Hawaii!!Total!!Margin of Error","State Senate District 13 (2024); Hawaii!!Percent!!Estimate","State Senate District 13 (2024); Hawaii!!Percent!!Margin of Error","State Senate District 14 (2024); Hawaii!!Total!!Estimate","State Senate District 14 (2024); Hawaii!!Total!!Margin of Error","State Senate District 14 (2024); Hawaii!!Percent!!Estimate","State Senate District 14 (2024); Hawaii!!Percent!!Margin of Error","State Senate District 15 (2024); Hawaii!!Total!!Estimate","State Senate District 15 (2024); Hawaii!!Total!!Margin of Error","State Senate District 15 (2024); Hawaii!!Percent!!Estimate","State Senate District 15 (2024); Hawaii!!Percent!!Margin of Error","State Senate District 16 (2024); Hawaii!!Total!!Estimate","State Senate District 16 (2024); Hawaii!!Total!!Margin of Error","State Senate District 16 (2024); Hawaii!!Percent!!Estimate","State Senate District 16 (2024); Hawaii!!Percent!!Margin of Error","State Senate District 17 (2024); Hawaii!!Total!!Estimate","State Senate District 17 (2024); Hawaii!!Total!!Margin of Error","State Senate District 17 (2024); Hawaii!!Percent!!Estimate","State Senate District 17 (2024); Hawaii!!Percent!!Margin of Error","State Senate District 18 (2024); Hawaii!!Total!!Estimate","State Senate District 18 (2024); Hawaii!!Total!!Margin of Error","State Senate District 18 (2024); Hawaii!!Percent!!Estimate","State Senate District 18 (2024); Hawaii!!Percent!!Margin of Error","State Senate District 19 (2024); Hawaii!!Total!!Estimate","State Senate District 19 (2024); Hawaii!!Total!!Margin of Error","State Senate District 19 (2024); Hawaii!!Percent!!Estimate","State Senate District 19 (2024); Hawaii!!Percent!!Margin of Error","State Senate District 20 (2024); Hawaii!!Total!!Estimate","State Senate District 20 (2024); Hawaii!!Total!!Margin of Error","State Senate District 20 (2024); Hawaii!!Percent!!Estimate","State Senate District 20 (2024); Hawaii!!Percent!!Margin of Error","State Senate District 21 (2024); Hawaii!!Total!!Estimate","State Senate District 21 (2024); Hawaii!!Total!!Margin of Error","State Senate District 21 (2024); Hawaii!!Percent!!Estimate","State Senate District 21 (2024); Hawaii!!Percent!!Margin of Error","State Senate District 22 (2024); Hawaii!!Total!!Estimate","State Senate District 22 (2024); Hawaii!!Total!!Margin of Error","State Senate District 22 (2024); Hawaii!!Percent!!Estimate","State Senate District 22 (2024); Hawaii!!Percent!!Margin of Error","State Senate District 23 (2024); Hawaii!!Total!!Estimate","State Senate District 23 (2024); Hawaii!!Total!!Margin of Error","State Senate District 23 (2024); Hawaii!!Percent!!Estimate","State Senate District 23 (2024); Hawaii!!Percent!!Margin of Error","State Senate District 24 (2024); Hawaii!!Total!!Estimate","State Senate District 24 (2024); Hawaii!!Total!!Margin of Error","State Senate District 24 (2024); Hawaii!!Percent!!Estimate","State Senate District 24 (2024); Hawaii!!Percent!!Margin of Error","State Senate District 25 (2024); Hawaii!!Total!!Estimate","State Senate District 25 (2024); Hawaii!!Total!!Margin of Error","State Senate District 25 (2024); Hawaii!!Percent!!Estimate","State Senate District 25 (2024); Hawaii!!Percent!!Margin of Error","State House District 1 (2024); Hawaii!!Total!!Estimate","State House District 1 (2024); Hawaii!!Total!!Margin of Error","State House District 1 (2024); Hawaii!!Percent!!Estimate","State House District 1 (2024); Hawaii!!Percent!!Margin of Error","State House District 2 (2024); Hawaii!!Total!!Estimate","State House District 2 (2024); Hawaii!!Total!!Margin of Error","State House District 2 (2024); Hawaii!!Percent!!Estimate","State House District 2 (2024); Hawaii!!Percent!!Margin of Error","State House District 3 (2024); Hawaii!!Total!!Estimate","State House District 3 (2024); Hawaii!!Total!!Margin of Error","State House District 3 (2024); Hawaii!!Percent!!Estimate","State House District 3 (2024); Hawaii!!Percent!!Margin of Error","State House District 4 (2024); Hawaii!!Total!!Estimate","State House District 4 (2024); Hawaii!!Total!!Margin of Error","State House District 4 (2024); Hawaii!!Percent!!Estimate","State House District 4 (2024); Hawaii!!Percent!!Margin of Error","State House District 5 (2024); Hawaii!!Total!!Estimate","State House District 5 (2024); Hawaii!!Total!!Margin of Error","State House District 5 (2024); Hawaii!!Percent!!Estimate","State House District 5 (2024); Hawaii!!Percent!!Margin of Error","State House District 6 (2024); Hawaii!!Total!!Estimate","State House District 6 (2024); Hawaii!!Total!!Margin of Error","State House District 6 (2024); Hawaii!!Percent!!Estimate","State House District 6 (2024); Hawaii!!Percent!!Margin of Error","State House District 7 (2024); Hawaii!!Total!!Estimate","State House District 7 (2024); Hawaii!!Total!!Margin of Error","State House District 7 (2024); Hawaii!!Percent!!Estimate","State House District 7 (2024); Hawaii!!Percent!!Margin of Error","State House District 8 (2024); Hawaii!!Total!!Estimate","State House District 8 (2024); Hawaii!!Total!!Margin of Error","State House District 8 (2024); Hawaii!!Percent!!Estimate","State House District 8 (2024); Hawaii!!Percent!!Margin of Error","State House District 9 (2024); Hawaii!!Total!!Estimate","State House District 9 (2024); Hawaii!!Total!!Margin of Error","State House District 9 (2024); Hawaii!!Percent!!Estimate","State House District 9 (2024); Hawaii!!Percent!!Margin of Error","State House District 10 (2024); Hawaii!!Total!!Estimate","State House District 10 (2024); Hawaii!!Total!!Margin of Error","State House District 10 (2024); Hawaii!!Percent!!Estimate","State House District 10 (2024); Hawaii!!Percent!!Margin of Error","State House District 11 (2024); Hawaii!!Total!!Estimate","State House District 11 (2024); Hawaii!!Total!!Margin of Error","State House District 11 (2024); Hawaii!!Percent!!Estimate","State House District 11 (2024); Hawaii!!Percent!!Margin of Error","State House District 12 (2024); Hawaii!!Total!!Estimate","State House District 12 (2024); Hawaii!!Total!!Margin of Error","State House District 12 (2024); Hawaii!!Percent!!Estimate","State House District 12 (2024); Hawaii!!Percent!!Margin of Error","State House District 13 (2024); Hawaii!!Total!!Estimate","State House District 13 (2024); Hawaii!!Total!!Margin of Error","State House District 13 (2024); Hawaii!!Percent!!Estimate","State House District 13 (2024); Hawaii!!Percent!!Margin of Error","State House District 14 (2024); Hawaii!!Total!!Estimate","State House District 14 (2024); Hawaii!!Total!!Margin of Error","State House District 14 (2024); Hawaii!!Percent!!Estimate","State House District 14 (2024); Hawaii!!Percent!!Margin of Error","State House District 15 (2024); Hawaii!!Total!!Estimate","State House District 15 (2024); Hawaii!!Total!!Margin of Error","State House District 15 (2024); Hawaii!!Percent!!Estimate","State House District 15 (2024); Hawaii!!Percent!!Margin of Error","State House District 16 (2024); Hawaii!!Total!!Estimate","State House District 16 (2024); Hawaii!!Total!!Margin of Error","State House District 16 (2024); Hawaii!!Percent!!Estimate","State House District 16 (2024); Hawaii!!Percent!!Margin of Error","State House District 17 (2024); Hawaii!!Total!!Estimate","State House District 17 (2024); Hawaii!!Total!!Margin of Error","State House District 17 (2024); Hawaii!!Percent!!Estimate","State House District 17 (2024); Hawaii!!Percent!!Margin of Error","State House District 18 (2024); Hawaii!!Total!!Estimate","State House District 18 (2024); Hawaii!!Total!!Margin of Error","State House District 18 (2024); Hawaii!!Percent!!Estimate","State House District 18 (2024); Hawaii!!Percent!!Margin of Error","State House District 19 (2024); Hawaii!!Total!!Estimate","State House District 19 (2024); Hawaii!!Total!!Margin of Error","State House District 19 (2024); Hawaii!!Percent!!Estimate","State House District 19 (2024); Hawaii!!Percent!!Margin of Error","State House District 20 (2024); Hawaii!!Total!!Estimate","State House District 20 (2024); Hawaii!!Total!!Margin of Error","State House District 20 (2024); Hawaii!!Percent!!Estimate","State House District 20 (2024); Hawaii!!Percent!!Margin of Error","State House District 21 (2024); Hawaii!!Total!!Estimate","State House District 21 (2024); Hawaii!!Total!!Margin of Error","State House District 21 (2024); Hawaii!!Percent!!Estimate","State House District 21 (2024); Hawaii!!Percent!!Margin of Error","State House District 22 (2024); Hawaii!!Total!!Estimate","State House District 22 (2024); Hawaii!!Total!!Margin of Error","State House District 22 (2024); Hawaii!!Percent!!Estimate","State House District 22 (2024); Hawaii!!Percent!!Margin of Error","State House District 23 (2024); Hawaii!!Total!!Estimate","State House District 23 (2024); Hawaii!!Total!!Margin of Error","State House District 23 (2024); Hawaii!!Percent!!Estimate","State House District 23 (2024); Hawaii!!Percent!!Margin of Error","State House District 24 (2024); Hawaii!!Total!!Estimate","State House District 24 (2024); Hawaii!!Total!!Margin of Error","State House District 24 (2024); Hawaii!!Percent!!Estimate","State House District 24 (2024); Hawaii!!Percent!!Margin of Error","State House District 25 (2024); Hawaii!!Total!!Estimate","State House District 25 (2024); Hawaii!!Total!!Margin of Error","State House District 25 (2024); Hawaii!!Percent!!Estimate","State House District 25 (2024); Hawaii!!Percent!!Margin of Error","State House District 26 (2024); Hawaii!!Total!!Estimate","State House District 26 (2024); Hawaii!!Total!!Margin of Error","State House District 26 (2024); Hawaii!!Percent!!Estimate","State House District 26 (2024); Hawaii!!Percent!!Margin of Error","State House District 27 (2024); Hawaii!!Total!!Estimate","State House District 27 (2024); Hawaii!!Total!!Margin of Error","State House District 27 (2024); Hawaii!!Percent!!Estimate","State House District 27 (2024); Hawaii!!Percent!!Margin of Error","State House District 28 (2024); Hawaii!!Total!!Estimate","State House District 28 (2024); Hawaii!!Total!!Margin of Error","State House District 28 (2024); Hawaii!!Percent!!Estimate","State House District 28 (2024); Hawaii!!Percent!!Margin of Error","State House District 29 (2024); Hawaii!!Total!!Estimate","State House District 29 (2024); Hawaii!!Total!!Margin of Error","State House District 29 (2024); Hawaii!!Percent!!Estimate","State House District 29 (2024); Hawaii!!Percent!!Margin of Error","State House District 30 (2024); Hawaii!!Total!!Estimate","State House District 30 (2024); Hawaii!!Total!!Margin of Error","State House District 30 (2024); Hawaii!!Percent!!Estimate","State House District 30 (2024); Hawaii!!Percent!!Margin of Error","State House District 31 (2024); Hawaii!!Total!!Estimate","State House District 31 (2024); Hawaii!!Total!!Margin of Error","State House District 31 (2024); Hawaii!!Percent!!Estimate","State House District 31 (2024); Hawaii!!Percent!!Margin of Error","State House District 32 (2024); Hawaii!!Total!!Estimate","State House District 32 (2024); Hawaii!!Total!!Margin of Error","State House District 32 (2024); Hawaii!!Percent!!Estimate","State House District 32 (2024); Hawaii!!Percent!!Margin of Error","State House District 33 (2024); Hawaii!!Total!!Estimate","State House District 33 (2024); Hawaii!!Total!!Margin of Error","State House District 33 (2024); Hawaii!!Percent!!Estimate","State House District 33 (2024); Hawaii!!Percent!!Margin of Error","State House District 34 (2024); Hawaii!!Total!!Estimate","State House District 34 (2024); Hawaii!!Total!!Margin of Error","State House District 34 (2024); Hawaii!!Percent!!Estimate","State House District 34 (2024); Hawaii!!Percent!!Margin of Error","State House District 35 (2024); Hawaii!!Total!!Estimate","State House District 35 (2024); Hawaii!!Total!!Margin of Error","State House District 35 (2024); Hawaii!!Percent!!Estimate","State House District 35 (2024); Hawaii!!Percent!!Margin of Error","State House District 36 (2024); Hawaii!!Total!!Estimate","State House District 36 (2024); Hawaii!!Total!!Margin of Error","State House District 36 (2024); Hawaii!!Percent!!Estimate","State House District 36 (2024); Hawaii!!Percent!!Margin of Error","State House District 37 (2024); Hawaii!!Total!!Estimate","State House District 37 (2024); Hawaii!!Total!!Margin of Error","State House District 37 (2024); Hawaii!!Percent!!Estimate","State House District 37 (2024); Hawaii!!Percent!!Margin of Error","State House District 38 (2024); Hawaii!!Total!!Estimate","State House District 38 (2024); Hawaii!!Total!!Margin of Error","State House District 38 (2024); Hawaii!!Percent!!Estimate","State House District 38 (2024); Hawaii!!Percent!!Margin of Error","State House District 39 (2024); Hawaii!!Total!!Estimate","State House District 39 (2024); Hawaii!!Total!!Margin of Error","State House District 39 (2024); Hawaii!!Percent!!Estimate","State House District 39 (2024); Hawaii!!Percent!!Margin of Error","State House District 40 (2024); Hawaii!!Total!!Estimate","State House District 40 (2024); Hawaii!!Total!!Margin of Error","State House District 40 (2024); Hawaii!!Percent!!Estimate","State House District 40 (2024); Hawaii!!Percent!!Margin of Error","State House District 41 (2024); Hawaii!!Total!!Estimate","State House District 41 (2024); Hawaii!!Total!!Margin of Error","State House District 41 (2024); Hawaii!!Percent!!Estimate","State House District 41 (2024); Hawaii!!Percent!!Margin of Error","State House District 42 (2024); Hawaii!!Total!!Estimate","State House District 42 (2024); Hawaii!!Total!!Margin of Error","State House District 42 (2024); Hawaii!!Percent!!Estimate","State House District 42 (2024); Hawaii!!Percent!!Margin of Error","State House District 43 (2024); Hawaii!!Total!!Estimate","State House District 43 (2024); Hawaii!!Total!!Margin of Error","State House District 43 (2024); Hawaii!!Percent!!Estimate","State House District 43 (2024); Hawaii!!Percent!!Margin of Error","State House District 44 (2024); Hawaii!!Total!!Estimate","State House District 44 (2024); Hawaii!!Total!!Margin of Error","State House District 44 (2024); Hawaii!!Percent!!Estimate","State House District 44 (2024); Hawaii!!Percent!!Margin of Error","State House District 45 (2024); Hawaii!!Total!!Estimate","State House District 45 (2024); Hawaii!!Total!!Margin of Error","State House District 45 (2024); Hawaii!!Percent!!Estimate","State House District 45 (2024); Hawaii!!Percent!!Margin of Error","State House District 46 (2024); Hawaii!!Total!!Estimate","State House District 46 (2024); Hawaii!!Total!!Margin of Error","State House District 46 (2024); Hawaii!!Percent!!Estimate","State House District 46 (2024); Hawaii!!Percent!!Margin of Error","State House District 47 (2024); Hawaii!!Total!!Estimate","State House District 47 (2024); Hawaii!!Total!!Margin of Error","State House District 47 (2024); Hawaii!!Percent!!Estimate","State House District 47 (2024); Hawaii!!Percent!!Margin of Error","State House District 48 (2024); Hawaii!!Total!!Estimate","State House District 48 (2024); Hawaii!!Total!!Margin of Error","State House District 48 (2024); Hawaii!!Percent!!Estimate","State House District 48 (2024); Hawaii!!Percent!!Margin of Error","State House District 49 (2024); Hawaii!!Total!!Estimate","State House District 49 (2024); Hawaii!!Total!!Margin of Error","State House District 49 (2024); Hawaii!!Percent!!Estimate","State House District 49 (2024); Hawaii!!Percent!!Margin of Error","State House District 50 (2024); Hawaii!!Total!!Estimate","State House District 50 (2024); Hawaii!!Total!!Margin of Error","State House District 50 (2024); Hawaii!!Percent!!Estimate","State House District 50 (2024); Hawaii!!Percent!!Margin of Error","State House District 51 (2024); Hawaii!!Total!!Estimate","State House District 51 (2024); Hawaii!!Total!!Margin of Error","State House District 51 (2024); Hawaii!!Percent!!Estimate","State House District 51 (2024); Hawaii!!Percent!!Margin of Error"
"Citizens 18 years and over","43,115","±1,533","(X)","(X)","36,838","±1,795","(X)","(X)","38,182","±2,023","(X)","(X)","34,341","±1,244","(X)","(X)","38,119","±1,495","(X)","(X)","39,762","±1,344","(X)","(X)","40,989","±1,463","(X)","(X)","53,752","±543","(X)","(X)","41,276","±1,745","(X)","(X)","40,908","±1,828","(X)","(X)","43,514","±1,529","(X)","(X)","41,556","±1,619","(X)","(X)","39,149","±1,367","(X)","(X)","36,911","±1,810","(X)","(X)","56,430","±1,746","(X)","(X)","43,673","±1,875","(X)","(X)","40,860","±1,392","(X)","(X)","39,932","±1,686","(X)","(X)","37,315","±1,785","(X)","(X)","42,874","±1,471","(X)","(X)","43,267","±2,145","(X)","(X)","33,712","±1,501","(X)","(X)","53,924","±1,594","(X)","(X)","52,711","±2,082","(X)","(X)","41,445","±1,610","(X)","(X)","19,153","±1,036","(X)","(X)","20,666","±1,051","(X)","(X)","20,252","±1,406","(X)","(X)","18,545","±1,485","(X)","(X)","18,772","±1,278","(X)","(X)","19,963","±1,322","(X)","(X)","17,653","±1,262","(X)","(X)","17,472","±1,037","(X)","(X)","18,544","±1,266","(X)","(X)","19,547","±1,166","(X)","(X)","21,341","±1,154","(X)","(X)","21,129","±1,095","(X)","(X)","19,860","±1,297","(X)","(X)","18,449","±1,146","(X)","(X)","18,370","±1,016","(X)","(X)","18,074","±978","(X)","(X)","17,308","±907","(X)","(X)","20,373","±1,186","(X)","(X)","20,590","±1,284","(X)","(X)","21,908","±1,181","(X)","(X)","20,273","±1,401","(X)","(X)","21,089","±1,042","(X)","(X)","21,397","±1,310","(X)","(X)","20,202","±911","(X)","(X)","20,366","±1,136","(X)","(X)","21,052","±1,107","(X)","(X)","21,833","±1,237","(X)","(X)","17,805","±987","(X)","(X)","17,485","±1,624","(X)","(X)","19,904","±1,232","(X)","(X)","28,467","±1,155","(X)","(X)","25,361","±1,440","(X)","(X)","21,767","±1,253","(X)","(X)","22,472","±1,325","(X)","(X)","18,281","±1,250","(X)","(X)","17,666","±1,372","(X)","(X)","21,569","±992","(X)","(X)","21,234","±1,107","(X)","(X)","19,470","±1,283","(X)","(X)","19,625","±1,274","(X)","(X)","23,845","±1,117","(X)","(X)","19,603","±1,653","(X)","(X)","21,645","±1,439","(X)","(X)","18,001","±1,108","(X)","(X)","16,932","±1,048","(X)","(X)","35,090","±1,323","(X)","(X)","19,600","±1,089","(X)","(X)","20,567","±1,054","(X)","(X)","22,173","±1,109","(X)","(X)","31,362","±1,459","(X)","(X)","20,450","±1,417","(X)","(X)"
"    AGE","","","","","","","","","","","","","","","","","","","","","","","","","","","","","","","","","","","","","","","","","","","","","","","","","","","","","","","","","","","","","","","","","","","","","","","","","","","","","","","","","","","","","","","","","","","","","","","","","","","","","","","","","","","","","","","","","","","","","","","","","","","","","","","","","","","","","","","","","","","","","","","","","","","","","","","","","","","","","","","","","","","","","","","","","","","","","","","","","","","","","","","","","","","","","","","","","","","","","","","","","","","","","","","","","","","","","","","","","","","","","","","","","","","","","","","","","","","","","","","","","","","","","","","","","","","","","","","","","","","","","","","","","","","","","","","","","","","","","","","","","","","","","","","","","","","","","","","","","","","","","","","",""
"        18 to 29 years","7,336","±666","17.0%","±1.3","4,735","±681","12.9%","±1.5","5,717","±688","15.0%","±1.5","4,038","±448","11.8%","±1.2","5,695","±660","14.9%","±1.4","6,273","±625","15.8%","±1.3","6,021","±599","14.7%","±1.2","8,248","±170","15.3%","±0.3","4,909","±631","11.9%","±1.2","7,077","±685","17.3%","±1.3","9,539","±852","21.9%","±1.8","6,551","±671","15.8%","±1.4","6,760","±745","17.3%","±1.7","7,582","±898","20.5%","±1.8","16,058","±870","28.5%","±1.3","6,714","±721","15.4%","±1.4","7,020","±748","17.2%","±1.6","6,790","±677","17.0%","±1.5","7,472","±804","20.0%","±1.7","8,282","±851","19.3%","±1.7","8,692","±808","20.1%","±1.4","5,860","±652","17.4%","±1.6","18,100","±916","33.6%","±1.4","12,489","±876","23.7%","±1.3","6,001","±720","14.5%","±1.4","2,820","±527","14.7%","±2.4","3,636","±584","17.6%","±2.5","3,330","±560","16.4%","±2.3","2,079","±537","11.2%","±2.4","2,262","±459","12.0%","±2.2","3,096","±533","15.5%","±2.4","2,874","±517","16.3%","±2.4","1,729","±378","9.9%","±2.0","2,716","±431","14.6%","±1.9","2,841","±504","14.5%","±2.1","3,188","±451","14.9%","±1.7","3,171","±593","15.0%","±2.3","2,850","±481","14.4%","±2.0","3,223","±433","17.5%","±2.1","2,745","±355","14.9%","±1.6","2,993","±458","16.6%","±2.1","2,510","±380","14.5%","±1.8","2,315","±351","11.4%","±1.5","2,586","±596","12.6%","±2.4","2,808","±421","12.8%","±1.8","3,297","±552","16.3%","±1.9","4,857","±489","23.0%","±2.3","4,145","±754","19.4%","±3.0","3,194","±417","15.8%","±1.9","3,039","±474","14.9%","±2.2","4,192","±595","19.9%","±2.4","3,248","±508","14.9%","±1.9","3,686","±478","20.7%","±2.4","3,602","±792","20.6%","±3.3","4,457","±439","22.4%","±1.8","9,134","±644","32.1%","±2.0","5,980","±667","23.6%","±2.1","3,114","±486","14.3%","±1.9","3,793","±459","16.9%","±1.8","3,074","±455","16.8%","±2.0","3,596","±582","20.4%","±2.5","3,140","±474","14.6%","±1.9","3,854","±635","18.2%","±2.4","4,422","±596","22.7%","±2.6","3,457","±552","17.6%","±2.4","4,996","±541","21.0%","±2.1","4,310","±674","22.0%","±2.4","4,020","±621","18.6%","±2.5","3,198","±483","17.8%","±2.3","2,883","±465","17.0%","±2.3","13,086","±620","37.3%","±1.7","5,580","±553","28.5%","±2.6","3,054","±601","14.8%","±2.5","3,617","±553","16.3%","±2.3","8,707","±638","27.8%","±1.6","3,455","±615","16.9%","±2.3"
"        30 to 44 years","10,259","±908","23.8%","±1.8","8,954","±955","24.3%","±2.3","7,527","±885","19.7%","±1.8","8,477","±771","24.7%","±2.0","9,475","±727","24.9%","±1.6","9,300","±705","23.4%","±1.5","10,834","±804","26.4%","±1.6","13,079","±359","24.3%","±0.6","8,200","±569","19.9%","±1.3","9,839","±827","24.1%","±1.5","9,092","±854","20.9%","±1.8","11,661","±905","28.1%","±1.9","8,665","±671","22.1%","±1.5","8,130","±652","22.0%","±1.5","17,393","±938","30.8%","±1.4","9,398","±891","21.5%","±1.6","9,939","±796","24.3%","±1.9","9,047","±782","22.7%","±1.9","9,346","±890","25.0%","±1.8","14,670","±1,036","34.2%","±2.2","14,016","±984","32.4%","±1.8","10,186","±779","30.2%","±1.9","13,628","±825","25.3%","±1.4","13,501","±1,023","25.6%","±1.6","9,468","±631","22.8%","±1.2","4,879","±483","25.5%","±2.0","4,994","±617","24.2%","±2.5","4,079","±617","20.1%","±2.6","4,611","±892","24.9%","±4.1","4,519","±628","24.1%","±2.8","3,417","±579","17.1%","±2.5","4,256","±621","24.1%","±3.0","4,462","±738","25.5%","±3.7","4,910","±643","26.5%","±2.9","4,881","±592","25.0%","±2.6","4,754","±510","22.3%","±2.1","5,099","±469","24.1%","±2.0","5,735","±614","28.9%","±2.2","4,230","±477","22.9%","±2.2","4,041","±472","22.0%","±2.0","4,809","±533","26.6%","±2.4","4,229","±442","24.4%","±2.3","4,365","±438","21.4%","±1.9","3,544","±419","17.2%","±1.9","5,030","±478","23.0%","±1.8","4,604","±634","22.7%","±2.1","4,555","±572","21.6%","±2.3","5,153","±663","24.1%","±2.8","5,305","±459","26.3%","±2.0","6,216","±707","30.5%","±2.9","4,621","±618","22.0%","±2.7","4,463","±534","20.4%","±1.9","3,880","±527","21.8%","±2.6","3,087","±481","17.7%","±2.1","6,646","±565","33.4%","±2.2","8,072","±705","28.4%","±2.2","7,098","±749","28.0%","±2.6","4,510","±574","20.7%","±2.3","5,077","±581","22.6%","±1.9","4,224","±532","23.1%","±2.8","4,092","±645","23.2%","±3.0","4,824","±542","22.4%","±2.4","4,859","±570","22.9%","±2.7","4,826","±712","24.8%","±3.3","6,579","±855","33.5%","±3.3","8,626","±870","36.2%","±3.2","6,061","±719","30.9%","±2.8","7,311","±849","33.8%","±2.9","5,663","±642","31.5%","±2.6","4,781","±589","28.2%","±2.9","9,552","±886","27.2%","±2.1","4,761","±547","24.3%","±2.5","5,034","±582","24.5%","±2.5","5,555","±522","25.1%","±2.1","8,188","±828","26.1%","±2.1","5,017","±567","24.5%","±2.1"
"        45 to 64 years","13,115","±747","30.4%","±1.4","12,115","±995","32.9%","±2.1","12,093","±881","31.7%","±1.6","10,354","±656","30.2%","±1.7","12,563","±615","33.0%","±1.3","14,096","±632","35.5%","±1.4","12,759","±755","31.1%","±1.6","16,984","±351","31.6%","±0.6","13,249","±861","32.1%","±1.4","12,157","±751","29.7%","±1.3","12,053","±766","27.7%","±1.4","12,569","±720","30.2%","±1.6","11,339","±675","29.0%","±1.4","11,551","±796","31.3%","±1.6","13,359","±868","23.7%","±1.2","13,217","±889","30.3%","±1.7","14,164","±742","34.7%","±1.6","13,591","±1,099","34.0%","±2.1","9,980","±651","26.7%","±1.6","12,951","±867","30.2%","±1.8","13,430","±978","31.0%","±1.5","10,433","±704","30.9%","±1.8","12,323","±805","22.9%","±1.2","13,011","±807","24.7%","±1.2","13,392","±764","32.3%","±1.5","5,768","±595","30.1%","±2.5","5,937","±551","28.7%","±2.4","7,098","±745","35.0%","±2.9","5,972","±798","32.2%","±3.5","5,599","±660","29.8%","±2.6","6,759","±664","33.9%","±2.5","5,562","±680","31.5%","±3.1","4,982","±539","28.5%","±2.7","5,702","±624","30.7%","±2.4","7,139","±482","36.5%","±2.0","7,397","±594","34.7%","±2.1","6,672","±611","31.6%","±2.3","6,087","±522","30.6%","±2.1","6,421","±622","34.8%","±2.5","6,210","±470","33.8%","±2.0","4,968","±446","27.5%","±1.9","5,806","±443","33.5%","±2.1","6,942","±494","34.1%","±1.8","6,727","±596","32.7%","±1.8","6,821","±640","31.1%","±2.4","6,010","±488","29.6%","±1.7","5,673","±582","26.9%","±2.3","6,166","±589","28.8%","±2.4","5,939","±512","29.4%","±2.0","6,506","±634","31.9%","±2.8","6,126","±576","29.1%","±2.4","6,388","±541","29.3%","±2.1","4,848","±471","27.2%","±2.1","6,239","±745","35.7%","±2.8","5,766","±632","29.0%","±2.5","6,292","±577","22.1%","±1.6","6,252","±751","24.7%","±2.5","6,583","±653","30.2%","±2.4","6,479","±633","28.8%","±2.2","5,637","±782","30.8%","±3.2","5,059","±561","28.6%","±2.6","6,804","±557","31.5%","±2.4","8,143","±585","38.3%","±2.2","6,267","±721","32.2%","±2.6","6,128","±577","31.2%","±2.7","6,776","±699","28.4%","±2.5","6,315","±691","32.2%","±2.0","6,593","±673","30.5%","±2.5","5,609","±442","31.2%","±2.5","5,214","±504","30.8%","±2.2","7,205","±573","20.5%","±1.4","5,027","±501","25.6%","±2.1","6,550","±609","31.8%","±2.5","6,253","±564","28.2%","±2.2","7,169","±596","22.9%","±1.6","6,263","±562","30.6%","±1.9"
"        65 years and over","12,405","±649","28.8%","±1.6","11,034","±889","30.0%","±2.3","12,845","±797","33.6%","±1.9","11,472","±781","33.4%","±1.9","10,386","±604","27.2%","±1.5","10,093","±644","25.4%","±1.6","11,375","±620","27.8%","±1.5","15,441","±309","28.7%","±0.5","14,918","±698","36.1%","±1.5","11,835","±666","28.9%","±1.5","12,830","±741","29.5%","±1.4","10,775","±820","25.9%","±1.6","12,385","±642","31.6%","±1.5","9,648","±651","26.1%","±1.8","9,620","±656","17.0%","±1.0","14,344","±965","32.8%","±2.1","9,737","±741","23.8%","±1.6","10,504","±789","26.3%","±1.8","10,517","±726","28.2%","±1.7","6,971","±660","16.3%","±1.6","7,129","±699","16.5%","±1.5","7,233","±675","21.5%","±1.8","9,873","±681","18.3%","±1.1","13,710","±813","26.0%","±1.4","12,584","±699","30.4%","±1.6","5,686","±530","29.7%","±3.0","6,099","±451","29.5%","±2.2","5,745","±650","28.4%","±2.9","5,883","±675","31.7%","±3.8","6,392","±689","34.1%","±3.4","6,691","±614","33.5%","±2.6","4,961","±587","28.1%","±3.2","6,299","±606","36.1%","±3.3","5,216","±463","28.1%","±2.4","4,686","±519","24.0%","±2.4","6,002","±491","28.1%","±2.1","6,187","±461","29.3%","±2.4","5,188","±503","26.1%","±2.2","4,575","±486","24.8%","±2.2","5,374","±430","29.3%","±2.2","5,304","±380","29.3%","±2.4","4,763","±409","27.5%","±2.1","6,751","±606","33.1%","±2.1","7,733","±537","37.6%","±2.9","7,249","±680","33.1%","±2.6","6,362","±446","31.4%","±2.7","6,004","±524","28.5%","±2.2","5,933","±567","27.7%","±2.3","5,764","±392","28.5%","±1.7","4,605","±523","22.6%","±2.2","6,113","±502","29.0%","±2.0","7,734","±578","35.4%","±2.5","5,391","±484","30.3%","±2.4","4,557","±470","26.1%","±3.0","3,035","±399","15.2%","±1.7","4,969","±469","17.5%","±1.5","6,031","±586","23.8%","±2.1","7,560","±629","34.7%","±2.6","7,123","±582","31.7%","±2.3","5,346","±492","29.2%","±2.5","4,919","±524","27.8%","±2.6","6,801","±655","31.5%","±2.6","4,378","±427","20.6%","±1.9","3,955","±483","20.3%","±2.5","3,461","±450","17.6%","±2.3","3,447","±558","14.5%","±2.3","2,917","±487","14.9%","±2.5","3,721","±498","17.2%","±2.2","3,531","±431","19.6%","±2.0","4,054","±497","23.9%","±2.9","5,247","±451","15.0%","±1.1","4,232","±559","21.6%","±2.3","5,929","±463","28.8%","±2.5","6,748","±620","30.4%","±2.3","7,298","±544","23.3%","±1.7","5,715","±446","27.9%","±2.2"
"    SEX","","","","","","","","","","","","","","","","","","","","","","","","","","","","","","","","","","","","","","","","","","","","","","","","","","","","","","","","","","","","","","","","","","","","","","","","","","","","","","","","","","","","","","","","","","","","","","","","","","","","","","","","","","","","","","","","","","","","","","","","","","","","","","","","","","","","","","","","","","","","","","","","","","","","","","","","","","","","","","","","","","","","","","","","","","","","","","","","","","","","","","","","","","","","","","","","","","","","","","","","","","","","","","","","","","","","","","","","","","","","","","","","","","","","","","","","","","","","","","","","","","","","","","","","","","","","","","","","","","","","","","","","","","","","","","","","","","","","","","","","","","","","","","","","","","","","","","","","","","","","","","","",""
"        Male","20,512","±803","47.6%","±1.1","18,867","±1,003","51.2%","±1.3","19,173","±1,065","50.2%","±1.3","16,668","±722","48.5%","±1.4","19,195","±886","50.4%","±1.4","19,459","±776","48.9%","±1.1","19,994","±812","48.8%","±1.4","26,670","±322","49.6%","±0.3","19,928","±969","48.3%","±1.1","20,302","±1,106","49.6%","±1.3","21,857","±1,041","50.2%","±1.3","22,574","±1,110","54.3%","±1.5","19,453","±921","49.7%","±1.5","18,890","±1,166","51.2%","±1.6","30,815","±1,201","54.6%","±1.2","22,004","±1,103","50.4%","±1.1","20,810","±818","50.9%","±1.1","20,222","±1,047","50.6%","±1.1","18,101","±1,019","48.5%","±1.6","21,787","±898","50.8%","±1.2","21,366","±1,098","49.4%","±1.2","16,622","±841","49.3%","±1.3","29,612","±900","54.9%","±0.9","27,436","±1,241","52.0%","±1.1","20,546","±925","49.6%","±1.0","9,357","±550","48.9%","±1.6","9,780","±667","47.3%","±2.0","9,907","±859","48.9%","±2.2","9,509","±809","51.3%","±2.1","9,785","±723","52.1%","±2.0","9,808","±689","49.1%","±1.8","8,703","±726","49.3%","±2.1","8,371","±600","47.9%","±1.8","9,072","±755","48.9%","±2.2","9,938","±671","50.8%","±1.9","10,457","±677","49.0%","±1.6","10,309","±640","48.8%","±2.3","9,685","±671","48.8%","±2.1","9,187","±734","49.8%","±2.0","9,121","±546","49.7%","±1.4","8,743","±496","48.4%","±1.6","8,806","±518","50.9%","±1.6","9,972","±633","48.9%","±1.1","9,806","±657","47.6%","±1.7","10,684","±681","48.8%","±1.7","9,874","±826","48.7%","±1.6","10,444","±671","49.5%","±2.0","11,352","±985","53.1%","±2.6","10,831","±549","53.6%","±1.9","11,100","±725","54.5%","±2.2","10,603","±670","50.4%","±1.9","10,638","±832","48.7%","±2.1","9,031","±687","50.7%","±2.0","8,743","±964","50.0%","±2.3","10,677","±706","53.6%","±1.9","16,047","±730","56.4%","±1.5","13,185","±871","52.0%","±2.0","10,932","±740","50.2%","±1.5","11,224","±756","49.9%","±1.4","8,761","±730","47.9%","±2.2","8,295","±738","47.0%","±2.1","11,003","±620","51.0%","±1.5","10,840","±659","51.1%","±1.6","9,985","±799","51.3%","±1.7","10,059","±809","51.3%","±1.8","12,429","±766","52.1%","±1.7","9,400","±995","48.0%","±2.3","10,655","±762","49.2%","±1.6","8,953","±651","49.7%","±2.1","8,371","±653","49.4%","±2.0","20,022","±672","57.1%","±1.4","9,791","±610","50.0%","±1.6","10,326","±607","50.2%","±1.5","11,179","±717","50.4%","±1.6","16,972","±835","54.1%","±1.2","10,141","±831","49.6%","±1.5"
"        Female","22,603","±980","52.4%","±1.1","17,971","±1,036","48.8%","±1.3","19,009","±1,193","49.8%","±1.3","17,673","±839","51.5%","±1.4","18,924","±937","49.6%","±1.4","20,303","±817","51.1%","±1.1","20,995","±1,023","51.2%","±1.4","27,082","±338","50.4%","±0.3","21,348","±990","51.7%","±1.1","20,606","±988","50.4%","±1.3","21,657","±876","49.8%","±1.3","18,982","±959","45.7%","±1.5","19,696","±867","50.3%","±1.5","18,021","±998","48.8%","±1.6","25,615","±1,000","45.4%","±1.2","21,669","±1,006","49.6%","±1.1","20,050","±855","49.1%","±1.1","19,710","±836","49.4%","±1.1","19,214","±1,111","51.5%","±1.6","21,087","±887","49.2%","±1.2","21,901","±1,279","50.6%","±1.2","17,090","±903","50.7%","±1.3","24,312","±979","45.1%","±0.9","25,275","±1,121","48.0%","±1.1","20,899","±871","50.4%","±1.0","9,796","±662","51.1%","±1.6","10,886","±681","52.7%","±2.0","10,345","±796","51.1%","±2.2","9,036","±863","48.7%","±2.1","8,987","±750","47.9%","±2.0","10,155","±811","50.9%","±1.8","8,950","±736","50.7%","±2.1","9,101","±621","52.1%","±1.8","9,472","±741","51.1%","±2.2","9,609","±713","49.2%","±1.9","10,884","±666","51.0%","±1.6","10,820","±810","51.2%","±2.3","10,175","±861","51.2%","±2.1","9,262","±628","50.2%","±2.0","9,249","±597","50.3%","±1.4","9,331","±640","51.6%","±1.6","8,502","±548","49.1%","±1.6","10,401","±640","51.1%","±1.1","10,784","±796","52.4%","±1.7","11,224","±706","51.2%","±1.7","10,399","±703","51.3%","±1.6","10,645","±681","50.5%","±2.0","10,045","±730","46.9%","±2.6","9,371","±629","46.4%","±1.9","9,266","±712","45.5%","±2.2","10,449","±707","49.6%","±1.9","11,195","±699","51.3%","±2.1","8,774","±520","49.3%","±2.0","8,742","±846","50.0%","±2.3","9,227","±742","46.4%","±1.9","12,420","±695","43.6%","±1.5","12,176","±877","48.0%","±2.0","10,835","±666","49.8%","±1.5","11,248","±705","50.1%","±1.4","9,520","±753","52.1%","±2.2","9,371","±823","53.0%","±2.1","10,566","±552","49.0%","±1.5","10,394","±630","48.9%","±1.6","9,485","±637","48.7%","±1.7","9,566","±643","48.7%","±1.8","11,416","±622","47.9%","±1.7","10,203","±870","52.0%","±2.3","10,990","±836","50.8%","±1.6","9,048","±697","50.3%","±2.1","8,561","±598","50.6%","±2.0","15,068","±904","42.9%","±1.4","9,809","±654","50.0%","±1.6","10,241","±613","49.8%","±1.5","10,994","±602","49.6%","±1.6","14,390","±818","45.9%","±1.2","10,309","±703","50.4%","±1.5"
"    EDUCATIONAL ATTAINMENT","","","","","","","","","","","","","","","","","","","","","","","","","","","","","","","","","","","","","","","","","","","","","","","","","","","","","","","","","","","","","","","","","","","","","","","","","","","","","","","","","","","","","","","","","","","","","","","","","","","","","","","","","","","","","","","","","","","","","","","","","","","","","","","","","","","","","","","","","","","","","","","","","","","","","","","","","","","","","","","","","","","","","","","","","","","","","","","","","","","","","","","","","","","","","","","","","","","","","","","","","","","","","","","","","","","","","","","","","","","","","","","","","","","","","","","","","","","","","","","","","","","","","","","","","","","","","","","","","","","","","","","","","","","","","","","","","","","","","","","","","","","","","","","","","","","","","","","","","","","","","","","",""
"        Less than 9th grade","812","±225","1.9%","±0.5","565","±210","1.5%","±0.6","600","±189","1.6%","±0.5","337","±193","1.0%","±0.6","1,091","±349","2.9%","±0.9","555","±176","1.4%","±0.4","648","±188","1.6%","±0.4","1,077","±265","2.0%","±0.5","648","±177","1.6%","±0.4","1,318","±428","3.2%","±1.0","707","±178","1.6%","±0.4","858","±243","2.1%","±0.6","2,161","±305","5.5%","±0.8","1,806","±331","4.9%","±0.9","1,366","±276","2.4%","±0.5","753","±239","1.7%","±0.5","739","±206","1.8%","±0.5","719","±212","1.8%","±0.5","1,551","±303","4.2%","±0.8","1,138","±285","2.7%","±0.7","843","±311","1.9%","±0.7","640","±174","1.9%","±0.5","615","±234","1.1%","±0.4","470","±149","0.9%","±0.3","451","±146","1.1%","±0.3","363","±143","1.9%","±0.8","325","±165","1.6%","±0.8","415","±185","2.0%","±0.9","234","±111","1.3%","±0.6","273","±120","1.5%","±0.6","313","±164","1.6%","±0.8","134","±78","0.8%","±0.4","257","±184","1.5%","±1.0","591","±229","3.2%","±1.2","498","±254","2.5%","±1.2","324","±139","1.5%","±0.6","260","±104","1.2%","±0.5","388","±165","2.0%","±0.8","233","±108","1.3%","±0.6","416","±159","2.3%","±0.9","300","±186","1.7%","±1.0","361","±113","2.1%","±0.7","176","±99","0.9%","±0.5","124","±61","0.6%","±0.3","833","±198","3.8%","±0.9","622","±344","3.1%","±1.7","168","±79","0.8%","±0.4","815","±232","3.8%","±1.1","393","±154","1.9%","±0.7","144","±65","0.7%","±0.3","513","±147","2.4%","±0.7","457","±123","2.1%","±0.6","1,745","±303","9.8%","±1.7","1,172","±303","6.7%","±1.8","746","±195","3.7%","±0.9","487","±134","1.7%","±0.5","572","±151","2.3%","±0.6","366","±135","1.7%","±0.6","576","±228","2.6%","±1.0","656","±199","3.6%","±1.0","945","±217","5.3%","±1.2","213","±82","1.0%","±0.4","163","±106","0.8%","±0.5","415","±150","2.1%","±0.8","554","±231","2.8%","±1.2","620","±197","2.6%","±0.8","448","±244","2.3%","±1.2","279","±128","1.3%","±0.6","298","±107","1.7%","±0.6","378","±133","2.2%","±0.8","612","±179","1.7%","±0.5","368","±149","1.9%","±0.7","158","±71","0.8%","±0.3","330","±172","1.5%","±0.8","191","±90","0.6%","±0.3","246","±102","1.2%","±0.5"
"        9th to 12th grade, no diploma","1,723","±377","4.0%","±0.8","2,025","±371","5.5%","±0.9","2,137","±494","5.6%","±1.2","1,238","±286","3.6%","±0.8","1,652","±327","4.3%","±0.9","1,481","±273","3.7%","±0.7","1,719","±466","4.2%","±1.1","2,293","±363","4.3%","±0.7","732","±192","1.8%","±0.5","1,250","±258","3.1%","±0.6","1,094","±234","2.5%","±0.5","1,298","±298","3.1%","±0.7","2,023","±387","5.2%","±0.9","1,829","±344","5.0%","±0.9","2,310","±501","4.1%","±0.9","1,296","±324","3.0%","±0.7","1,408","±309","3.4%","±0.7","1,167","±205","2.9%","±0.5","1,877","±301","5.0%","±0.8","1,077","±255","2.5%","±0.6","1,669","±311","3.9%","±0.7","2,286","±350","6.8%","±1.0","1,672","±394","3.1%","±0.7","1,230","±329","2.3%","±0.6","1,066","±254","2.6%","±0.6","791","±229","4.1%","±1.2","670","±185","3.2%","±0.9","954","±236","4.7%","±1.1","905","±283","4.9%","±1.4","1,650","±404","8.8%","±2.1","743","±242","3.7%","±1.1","869","±322","4.9%","±1.7","541","±212","3.1%","±1.2","1,035","±267","5.6%","±1.4","652","±201","3.3%","±1.0","515","±164","2.4%","±0.8","795","±243","3.8%","±1.1","924","±416","4.7%","±2.0","931","±191","5.0%","±1.0","905","±250","4.9%","±1.4","659","±214","3.6%","±1.2","729","±190","4.2%","±1.1","469","±220","2.3%","±1.1","278","±114","1.4%","±0.5","535","±166","2.4%","±0.7","559","±165","2.8%","±0.8","354","±135","1.7%","±0.6","995","±222","4.7%","±1.1","606","±177","3.0%","±0.9","494","±189","2.4%","±0.9","567","±178","2.7%","±0.8","679","±192","3.1%","±0.9","1,312","±287","7.4%","±1.5","1,078","±299","6.2%","±1.5","1,363","±341","6.8%","±1.6","792","±305","2.8%","±1.1","997","±279","3.9%","±1.1","379","±111","1.7%","±0.5","828","±228","3.7%","±1.0","744","±161","4.1%","±0.9","1,018","±223","5.8%","±1.2","659","±168","3.1%","±0.8","552","±177","2.6%","±0.8","713","±184","3.7%","±0.9","721","±238","3.7%","±1.2","449","±155","1.9%","±0.7","757","±183","3.9%","±0.9","780","±202","3.6%","±0.9","962","±220","5.3%","±1.2","1,343","±256","7.9%","±1.6","933","±247","2.7%","±0.7","696","±183","3.6%","±0.9","559","±173","2.7%","±0.8","994","±393","4.5%","±1.8","502","±137","1.6%","±0.4","617","±174","3.0%","±0.8"
"        High school graduate (includes equivalency)","12,632","±786","29.3%","±1.6","13,236","±1,371","35.9%","±2.8","10,940","±1,164","28.7%","±2.4","10,136","±1,021","29.5%","±2.5","12,682","±915","33.3%","±2.1","12,018","±922","30.2%","±1.9","12,509","±971","30.5%","±2.0","16,250","±768","30.2%","±1.4","6,832","±741","16.6%","±1.4","9,126","±725","22.3%","±1.4","8,110","±758","18.6%","±1.6","7,497","±751","18.0%","±1.6","10,390","±739","26.5%","±1.7","11,474","±1,019","31.1%","±2.0","16,309","±933","28.9%","±1.3","10,870","±1,020","24.9%","±1.9","10,442","±742","25.6%","±1.5","9,761","±866","24.4%","±1.8","12,356","±1,049","33.1%","±2.0","11,347","±989","26.5%","±2.0","14,440","±1,299","33.4%","±2.2","15,243","±890","45.2%","±2.1","16,488","±957","30.6%","±1.6","14,694","±1,265","27.9%","±1.9","8,587","±707","20.7%","±1.6","5,966","±694","31.1%","±2.7","5,414","±535","26.2%","±2.2","7,310","±693","36.1%","±2.7","6,549","±1,230","35.3%","±5.2","6,501","±748","34.6%","±3.3","4,423","±682","22.2%","±3.0","5,666","±665","32.1%","±3.4","5,115","±688","29.3%","±3.5","5,941","±777","32.0%","±3.4","6,158","±653","31.5%","±2.8","6,110","±654","28.6%","±2.6","6,379","±701","30.2%","±2.8","6,130","±770","30.9%","±3.3","6,491","±767","35.2%","±2.8","6,049","±661","32.9%","±2.7","4,639","±609","25.7%","±2.9","5,562","±533","32.1%","±2.5","3,172","±359","15.6%","±1.6","3,094","±458","15.0%","±1.8","4,340","±590","19.8%","±2.3","4,293","±562","21.2%","±2.3","3,629","±406","17.2%","±1.7","5,123","±597","23.9%","±2.3","3,751","±506","18.6%","±2.2","3,334","±510","16.4%","±2.4","4,091","±533","19.4%","±2.4","5,288","±628","24.2%","±2.5","5,508","±527","30.9%","±2.6","5,455","±848","31.2%","±3.1","6,214","±665","31.2%","±2.7","7,855","±706","27.6%","±2.4","7,232","±740","28.5%","±2.5","4,960","±704","22.8%","±2.6","6,777","±605","30.2%","±2.5","5,502","±737","30.1%","±3.2","6,126","±762","34.7%","±3.0","4,868","±525","22.6%","±2.3","4,073","±429","19.2%","±1.9","5,059","±564","26.0%","±2.2","6,318","±825","32.2%","±3.3","5,285","±507","22.2%","±1.9","7,283","±1,056","37.2%","±3.5","6,340","±793","29.3%","±2.8","8,173","±712","45.4%","±3.2","7,611","±597","45.0%","±2.6","12,300","±864","35.1%","±2.0","5,960","±692","30.4%","±2.6","4,833","±583","23.5%","±2.5","6,719","±758","30.3%","±2.8","7,939","±806","25.3%","±2.1","5,461","±649","26.7%","±2.6"
"        Some college, no degree","8,553","±716","19.8%","±1.6","8,483","±875","23.0%","±2.3","8,505","±925","22.3%","±2.1","7,678","±691","22.4%","±1.9","8,515","±679","22.3%","±1.6","9,226","±699","23.2%","±1.7","9,762","±813","23.8%","±1.7","12,350","±814","23.0%","±1.5","7,163","±758","17.4%","±1.4","8,170","±981","20.0%","±1.9","8,179","±674","18.8%","±1.5","8,008","±832","19.3%","±1.7","6,766","±718","17.3%","±1.8","6,760","±548","18.3%","±1.3","13,496","±979","23.9%","±1.6","8,151","±687","18.7%","±1.4","8,701","±631","21.3%","±1.5","8,530","±759","21.4%","±1.6","7,852","±720","21.0%","±1.7","10,511","±859","24.5%","±1.9","9,552","±842","22.1%","±1.6","6,846","±689","20.3%","±1.7","14,068","±953","26.1%","±1.5","11,268","±844","21.4%","±1.4","7,130","±614","17.2%","±1.2","3,746","±421","19.6%","±2.2","4,275","±577","20.7%","±2.7","4,326","±532","21.4%","±2.4","4,626","±762","24.9%","±3.9","4,252","±637","22.7%","±2.9","4,310","±647","21.6%","±2.8","4,313","±589","24.4%","±2.7","3,371","±492","19.3%","±2.6","4,483","±524","24.2%","±2.4","4,195","±508","21.5%","±2.4","5,026","±534","23.6%","±2.1","4,984","±610","23.6%","±2.6","4,778","±548","24.1%","±2.2","4,037","±556","21.9%","±2.5","3,906","±461","21.3%","±2.3","4,691","±689","26.0%","±3.2","3,753","±408","21.7%","±1.9","3,235","±434","15.9%","±1.7","3,798","±667","18.4%","±2.5","3,873","±444","17.7%","±1.7","3,693","±941","18.2%","±3.7","3,863","±419","18.3%","±2.0","4,531","±599","21.2%","±2.3","4,310","±477","21.3%","±2.0","3,334","±523","16.4%","±2.4","4,327","±523","20.6%","±2.4","3,596","±470","16.5%","±2.0","3,293","±538","18.5%","±2.5","3,232","±423","18.5%","±2.1","3,829","±418","19.2%","±1.9","7,569","±746","26.6%","±2.3","5,343","±651","21.1%","±2.1","3,869","±475","17.8%","±1.9","4,114","±462","18.3%","±1.9","4,247","±454","23.2%","±1.9","3,854","±597","21.8%","±2.8","3,912","±414","18.1%","±1.8","4,319","±423","20.3%","±1.8","4,475","±545","23.0%","±2.5","4,560","±605","23.2%","±2.6","6,040","±671","25.3%","±2.4","4,228","±609","21.6%","±2.5","4,829","±596","22.3%","±2.3","4,051","±518","22.5%","±2.2","3,083","±506","18.2%","±2.5","9,710","±803","27.7%","±2.0","5,220","±550","26.6%","±2.5","4,173","±464","20.3%","±2.0","4,000","±495","18.0%","±2.0","6,972","±617","22.2%","±1.9","3,669","±425","17.9%","±1.9"
"        Associate's degree","5,854","±612","13.6%","±1.3","4,224","±643","11.5%","±1.8","3,673","±488","9.6%","±1.3","3,594","±395","10.5%","±1.1","4,099","±567","10.8%","±1.4","3,602","±442","9.1%","±1.0","4,182","±510","10.2%","±1.2","6,213","±539","11.6%","±1.0","2,923","±391","7.1%","±0.9","3,554","±373","8.7%","±0.9","3,935","±499","9.0%","±1.1","3,818","±578","9.2%","±1.3","3,411","±507","8.7%","±1.2","4,283","±564","11.6%","±1.4","6,428","±588","11.4%","±1.0","5,387","±633","12.3%","±1.3","5,180","±568","12.7%","±1.3","5,627","±605","14.1%","±1.4","4,565","±531","12.2%","±1.3","4,754","±593","11.1%","±1.3","4,840","±586","11.2%","±1.2","3,095","±361","9.2%","±1.0","5,211","±489","9.7%","±0.9","5,073","±638","9.6%","±1.1","3,817","±419","9.2%","±0.9","2,393","±282","12.5%","±1.5","2,829","±477","13.7%","±2.1","2,951","±496","14.6%","±2.1","1,841","±515","9.9%","±2.8","1,640","±327","8.7%","±1.7","1,950","±323","9.8%","±1.6","1,777","±489","10.1%","±2.5","1,964","±354","11.2%","±2.0","2,045","±418","11.0%","±2.2","2,040","±423","10.4%","±2.1","1,907","±271","8.9%","±1.2","2,110","±416","10.0%","±1.8","2,072","±368","10.4%","±1.7","1,709","±315","9.3%","±1.7","1,574","±286","8.6%","±1.6","2,348","±325","13.0%","±1.9","2,291","±333","13.2%","±1.8","1,857","±360","9.1%","±1.5","1,404","±285","6.8%","±1.4","1,701","±255","7.8%","±1.2","1,856","±274","9.2%","±1.4","1,768","±287","8.4%","±1.3","2,255","±410","10.5%","±1.7","1,514","±275","7.5%","±1.4","2,006","±466","9.8%","±2.2","1,833","±400","8.7%","±1.8","2,058","±354","9.4%","±1.5","1,453","±276","8.2%","±1.5","2,178","±410","12.5%","±2.3","2,709","±330","13.6%","±1.6","3,236","±455","11.4%","±1.5","2,733","±424","10.8%","±1.6","2,465","±354","11.3%","±1.5","2,766","±476","12.3%","±1.8","2,124","±316","11.6%","±1.5","2,110","±368","11.9%","±1.9","3,148","±355","14.6%","±1.6","2,682","±559","12.6%","±2.3","2,754","±475","14.1%","±2.0","2,039","±312","10.4%","±1.5","2,723","±450","11.4%","±1.9","2,502","±471","12.8%","±2.0","2,225","±304","10.3%","±1.3","1,282","±237","7.1%","±1.3","1,897","±283","11.2%","±1.6","4,084","±383","11.6%","±1.0","1,792","±304","9.1%","±1.5","2,047","±372","10.0%","±1.7","2,220","±360","10.0%","±1.5","2,661","±407","8.5%","±1.1","1,819","±262","8.9%","±1.2"
"        Bachelor's degree","8,810","±645","20.4%","±1.2","5,283","±625","14.3%","±1.6","7,113","±768","18.6%","±1.9","6,678","±701","19.4%","±2.0","7,116","±813","18.7%","±2.0","8,404","±656","21.1%","±1.5","7,765","±707","18.9%","±1.7","10,275","±799","19.1%","±1.5","12,838","±723","31.1%","±1.6","10,927","±786","26.7%","±1.8","12,782","±969","29.4%","±1.8","12,736","±941","30.6%","±1.9","9,123","±708","23.3%","±1.5","7,331","±676","19.9%","±1.7","11,188","±839","19.8%","±1.4","11,643","±851","26.7%","±1.7","9,785","±597","23.9%","±1.3","10,065","±792","25.2%","±1.7","6,573","±584","17.6%","±1.5","9,458","±841","22.1%","±1.7","8,341","±831","19.3%","±1.7","3,756","±522","11.1%","±1.4","10,535","±654","19.5%","±1.2","11,757","±689","22.3%","±1.3","11,439","±787","27.6%","±1.6","3,775","±458","19.7%","±2.0","4,889","±594","23.7%","±2.4","2,809","±495","13.9%","±2.1","2,572","±503","13.9%","±2.7","2,636","±457","14.0%","±2.2","4,593","±664","23.0%","±3.0","3,259","±548","18.5%","±2.7","3,351","±467","19.2%","±2.6","3,421","±663","18.4%","±3.2","4,002","±509","20.5%","±2.3","4,866","±531","22.8%","±2.2","4,223","±529","20.0%","±2.5","3,542","±455","17.8%","±2.2","3,231","±342","17.5%","±1.8","3,527","±503","19.2%","±2.4","3,641","±549","20.1%","±3.0","3,107","±421","18.0%","±2.3","6,649","±456","32.6%","±1.9","6,275","±454","30.5%","±2.0","6,743","±678","30.8%","±2.5","5,424","±525","26.8%","±2.8","6,397","±672","30.3%","±2.5","5,264","±550","24.6%","±2.2","5,805","±478","28.7%","±2.2","6,796","±705","33.4%","±3.0","6,280","±636","29.8%","±2.4","5,912","±600","27.1%","±2.2","2,929","±368","16.5%","±1.9","3,237","±517","18.5%","±2.5","3,415","±458","17.2%","±2.1","6,016","±605","21.1%","±1.9","5,503","±582","21.7%","±2.0","6,115","±577","28.1%","±2.5","5,452","±749","24.3%","±2.7","3,451","±393","18.9%","±1.9","2,705","±388","15.3%","±2.0","6,053","±494","28.1%","±2.0","6,268","±525","29.5%","±2.1","4,364","±479","22.4%","±2.3","4,027","±477","20.5%","±2.3","5,534","±639","23.2%","±2.3","3,091","±428","15.8%","±2.3","5,022","±735","23.2%","±2.9","2,150","±382","11.9%","±2.1","1,770","±386","10.5%","±2.1","5,577","±506","15.9%","±1.3","3,756","±391","19.2%","±2.1","5,238","±544","25.5%","±2.3","5,130","±488","23.1%","±2.2","7,196","±534","22.9%","±1.6","4,733","±687","23.1%","±2.6"
"        Graduate or professional degree","4,731","±535","11.0%","±1.2","3,022","±497","8.2%","±1.4","5,214","±616","13.7%","±1.5","4,680","±558","13.6%","±1.6","2,964","±477","7.8%","±1.2","4,476","±464","11.3%","±1.2","4,404","±541","10.7%","±1.3","5,294","±505","9.8%","±1.0","10,140","±651","24.6%","±1.6","6,563","±516","16.0%","±1.2","8,707","±655","20.0%","±1.5","7,341","±729","17.7%","±1.7","5,275","±544","13.5%","±1.4","3,428","±540","9.3%","±1.4","5,333","±553","9.5%","±0.9","5,573","±596","12.8%","±1.3","4,605","±522","11.3%","±1.2","4,063","±460","10.2%","±1.1","2,541","±430","6.8%","±1.1","4,589","±467","10.7%","±1.2","3,582","±386","8.3%","±1.0","1,846","±321","5.5%","±0.9","5,335","±511","9.9%","±0.9","8,219","±608","15.6%","±1.1","8,955","±617","21.6%","±1.3","2,119","±316","11.1%","±1.6","2,264","±358","11.0%","±1.8","1,487","±260","7.3%","±1.2","1,818","±400","9.8%","±2.1","1,820","±402","9.7%","±2.0","3,631","±472","18.2%","±2.3","1,635","±274","9.3%","±1.7","2,873","±564","16.4%","±3.0","1,028","±287","5.5%","±1.5","2,002","±357","10.2%","±1.7","2,593","±315","12.2%","±1.4","2,378","±441","11.3%","±2.1","2,026","±337","10.2%","±1.7","1,817","±271","9.8%","±1.6","1,993","±283","10.8%","±1.5","1,796","±330","9.9%","±1.8","1,505","±243","8.7%","±1.4","4,815","±418","23.6%","±1.9","5,617","±505","27.3%","±2.4","3,883","±399","17.7%","±1.9","3,826","±378","18.9%","±2.1","4,910","±477","23.3%","±2.2","2,414","±394","11.3%","±1.8","3,823","±436","18.9%","±2.0","4,258","±636","20.9%","±2.8","3,441","±458","16.3%","±2.1","3,843","±467","17.6%","±2.1","1,565","±230","8.8%","±1.4","1,133","±388","6.5%","±2.1","1,628","±289","8.2%","±1.3","2,512","±392","8.8%","±1.4","2,981","±475","11.8%","±1.7","3,613","±480","16.6%","±2.1","1,959","±358","8.7%","±1.6","1,557","±302","8.5%","±1.6","908","±237","5.1%","±1.3","2,716","±499","12.6%","±2.0","3,177","±389","15.0%","±1.7","1,690","±342","8.7%","±1.7","1,406","±252","7.2%","±1.3","3,194","±444","13.4%","±1.8","1,294","±237","6.6%","±1.3","2,170","±321","10.0%","±1.6","1,085","±275","6.0%","±1.4","850","±175","5.0%","±1.0","1,874","±232","5.3%","±0.7","1,808","±276","9.2%","±1.4","3,559","±422","17.3%","±2.0","2,780","±376","12.5%","±1.6","5,901","±590","18.8%","±1.7","3,905","±450","19.1%","±1.8"
"        High school degree or higher","40,580","±1,466","94.1%","±0.9","34,248","±1,653","93.0%","±1.1","35,445","±1,832","92.8%","±1.3","32,766","±1,299","95.4%","±1.1","35,376","±1,373","92.8%","±1.0","37,726","±1,288","94.9%","±0.8","38,622","±1,354","94.2%","±1.2","50,382","±664","93.7%","±0.8","39,896","±1,700","96.7%","±0.6","38,340","±1,774","93.7%","±1.2","41,713","±1,486","95.9%","±0.7","39,400","±1,676","94.8%","±1.0","34,965","±1,268","89.3%","±1.1","33,276","±1,679","90.2%","±1.1","52,754","±1,618","93.5%","±1.0","41,624","±1,824","95.3%","±0.9","38,713","±1,333","94.7%","±0.9","38,046","±1,697","95.3%","±0.8","33,887","±1,706","90.8%","±1.1","40,659","±1,424","94.8%","±0.8","40,755","±2,033","94.2%","±1.1","30,786","±1,426","91.3%","±1.1","51,637","±1,544","95.8%","±0.7","51,011","±2,052","96.8%","±0.7","39,928","±1,581","96.3%","±0.7","17,999","±1,066","94.0%","±1.4","19,671","±1,040","95.2%","±1.0","18,883","±1,268","93.2%","±1.5","17,406","±1,379","93.9%","±1.4","16,849","±1,217","89.8%","±2.3","18,907","±1,207","94.7%","±1.5","16,650","±1,173","94.3%","±1.7","16,674","±983","95.4%","±1.7","16,918","±1,214","91.2%","±1.7","18,397","±1,074","94.1%","±1.6","20,502","±1,114","96.1%","±1.0","20,074","±1,011","95.0%","±1.1","18,548","±1,180","93.4%","±2.1","17,285","±1,090","93.7%","±1.2","17,049","±1,046","92.8%","±1.6","17,115","±965","94.7%","±1.6","16,218","±907","93.7%","±1.4","19,728","±1,135","96.8%","±1.1","20,188","±1,253","98.0%","±0.7","20,540","±1,103","93.8%","±1.2","19,092","±1,366","94.2%","±2.0","20,567","±1,009","97.5%","±0.8","19,587","±1,311","91.5%","±1.4","19,203","±865","95.1%","±1.2","19,728","±1,103","96.9%","±1.0","19,972","±1,063","94.9%","±1.1","20,697","±1,199","94.8%","±1.0","14,748","±862","82.8%","±1.9","15,235","±1,479","87.1%","±2.2","17,795","±1,037","89.4%","±1.8","27,188","±1,118","95.5%","±1.1","23,792","±1,438","93.8%","±1.2","21,022","±1,231","96.6%","±0.8","21,068","±1,274","93.8%","±1.3","16,881","±1,172","92.3%","±1.2","15,703","±1,305","88.9%","±1.7","20,697","±976","96.0%","±0.8","20,519","±1,081","96.6%","±0.9","18,342","±1,251","94.2%","±1.3","18,350","±1,199","93.5%","±1.7","22,776","±1,122","95.5%","±1.1","18,398","±1,600","93.9%","±1.6","20,586","±1,394","95.1%","±1.1","16,741","±1,031","93.0%","±1.3","15,211","±1,062","89.8%","±1.7","33,545","±1,285","95.6%","±0.8","18,536","±1,022","94.6%","±1.1","19,850","±1,059","96.5%","±1.0","20,849","±1,131","94.0%","±1.8","30,669","±1,453","97.8%","±0.6","19,587","±1,364","95.8%","±1.0"
"        Bachelor's degree or higher","13,541","±897","31.4%","±1.7","8,305","±825","22.5%","±2.2","12,327","±926","32.3%","±2.2","11,358","±960","33.1%","±2.6","10,080","±964","26.4%","±2.3","12,880","±799","32.4%","±1.9","12,169","±850","29.7%","±2.1","15,569","±899","29.0%","±1.7","22,978","±934","55.7%","±2.1","17,490","±984","42.8%","±2.1","21,489","±1,139","49.4%","±2.0","20,077","±1,112","48.3%","±2.1","14,398","±918","36.8%","±2.0","10,759","±982","29.1%","±2.4","16,521","±988","29.3%","±1.6","17,216","±1,053","39.4%","±2.0","14,390","±780","35.2%","±1.5","14,128","±1,029","35.4%","±2.2","9,114","±732","24.4%","±1.8","14,047","±925","32.8%","±2.0","11,923","±915","27.6%","±2.0","5,602","±616","16.6%","±1.6","15,870","±892","29.4%","±1.4","19,976","±981","37.9%","±1.8","20,394","±1,032","49.2%","±1.8","5,894","±602","30.8%","±2.6","7,153","±677","34.6%","±2.7","4,296","±569","21.2%","±2.3","4,390","±689","23.7%","±3.7","4,456","±654","23.7%","±3.1","8,224","±749","41.2%","±3.1","4,894","±615","27.7%","±3.1","6,224","±810","35.6%","±4.2","4,449","±766","24.0%","±3.7","6,004","±656","30.7%","±2.8","7,459","±643","35.0%","±2.6","6,601","±622","31.2%","±3.0","5,568","±574","28.0%","±2.7","5,048","±421","27.4%","±2.5","5,520","±608","30.0%","±2.8","5,437","±626","30.1%","±3.4","4,612","±504","26.6%","±2.7","11,464","±676","56.3%","±2.6","11,892","±614","57.8%","±2.6","10,626","±781","48.5%","±2.8","9,250","±678","45.6%","±3.9","11,307","±798","53.6%","±2.4","7,678","±656","35.9%","±2.6","9,628","±615","47.7%","±2.6","11,054","±976","54.3%","±3.6","9,721","±756","46.2%","±2.7","9,755","±788","44.7%","±2.7","4,494","±468","25.2%","±2.5","4,370","±772","25.0%","±3.8","5,043","±568","25.3%","±2.5","8,528","±767","30.0%","±2.4","8,484","±824","33.5%","±2.6","9,728","±745","44.7%","±3.0","7,411","±783","33.0%","±2.7","5,008","±512","27.4%","±2.5","3,613","±447","20.5%","±2.2","8,769","±805","40.7%","±2.8","9,445","±648","44.5%","±2.5","6,054","±576","31.1%","±2.6","5,433","±555","27.7%","±2.8","8,728","±789","36.6%","±2.8","4,385","±520","22.4%","±2.9","7,192","±815","33.2%","±3.2","3,235","±408","18.0%","±2.0","2,620","±500","15.5%","±2.7","7,451","±566","21.2%","±1.5","5,564","±487","28.4%","±2.5","8,797","±692","42.8%","±2.7","7,910","±544","35.7%","±2.2","13,097","±848","41.8%","±2.2","8,638","±935","42.2%","±3.0"
"    POVERTY STATUS","","","","","","","","","","","","","","","","","","","","","","","","","","","","","","","","","","","","","","","","","","","","","","","","","","","","","","","","","","","","","","","","","","","","","","","","","","","","","","","","","","","","","","","","","","","","","","","","","","","","","","","","","","","","","","","","","","","","","","","","","","","","","","","","","","","","","","","","","","","","","","","","","","","","","","","","","","","","","","","","","","","","","","","","","","","","","","","","","","","","","","","","","","","","","","","","","","","","","","","","","","","","","","","","","","","","","","","","","","","","","","","","","","","","","","","","","","","","","","","","","","","","","","","","","","","","","","","","","","","","","","","","","","","","","","","","","","","","","","","","","","","","","","","","","","","","","","","","","","","","","","","",""
"        Total Citizens, 18 years and older, for whom poverty status is determined","41,701","±1,541","(X)","(X)","36,830","±1,794","(X)","(X)","38,070","±2,019","(X)","(X)","34,269","±1,243","(X)","(X)","37,121","±1,502","(X)","(X)","39,752","±1,345","(X)","(X)","40,872","±1,463","(X)","(X)","53,234","±539","(X)","(X)","40,942","±1,738","(X)","(X)","40,507","±1,815","(X)","(X)","41,118","±1,520","(X)","(X)","41,139","±1,620","(X)","(X)","38,469","±1,361","(X)","(X)","35,535","±1,808","(X)","(X)","49,706","±1,747","(X)","(X)","43,466","±1,873","(X)","(X)","40,564","±1,388","(X)","(X)","39,930","±1,686","(X)","(X)","36,897","±1,789","(X)","(X)","42,838","±1,470","(X)","(X)","43,088","±2,145","(X)","(X)","33,617","±1,498","(X)","(X)","48,010","±1,606","(X)","(X)","48,440","±2,062","(X)","(X)","41,299","±1,605","(X)","(X)","18,577","±1,032","(X)","(X)","20,068","±1,029","(X)","(X)","20,112","±1,394","(X)","(X)","18,545","±1,485","(X)","(X)","18,592","±1,279","(X)","(X)","19,877","±1,317","(X)","(X)","17,645","±1,264","(X)","(X)","17,454","±1,036","(X)","(X)","17,635","±1,258","(X)","(X)","19,458","±1,166","(X)","(X)","21,331","±1,154","(X)","(X)","21,051","±1,095","(X)","(X)","19,821","±1,297","(X)","(X)","18,449","±1,146","(X)","(X)","18,311","±1,015","(X)","(X)","17,688","±978","(X)","(X)","17,235","±907","(X)","(X)","20,349","±1,186","(X)","(X)","20,422","±1,281","(X)","(X)","21,733","±1,184","(X)","(X)","20,018","±1,393","(X)","(X)","19,010","±1,031","(X)","(X)","21,188","±1,306","(X)","(X)","20,095","±917","(X)","(X)","20,169","±1,132","(X)","(X)","20,690","±1,107","(X)","(X)","21,269","±1,232","(X)","(X)","17,522","±988","(X)","(X)","17,278","±1,627","(X)","(X)","18,146","±1,251","(X)","(X)","23,784","±1,162","(X)","(X)","24,164","±1,415","(X)","(X)","21,753","±1,254","(X)","(X)","22,274","±1,325","(X)","(X)","18,088","±1,250","(X)","(X)","17,453","±1,386","(X)","(X)","21,385","±990","(X)","(X)","21,185","±1,108","(X)","(X)","19,377","±1,285","(X)","(X)","19,590","±1,276","(X)","(X)","23,844","±1,118","(X)","(X)","19,545","±1,656","(X)","(X)","21,530","±1,440","(X)","(X)","17,995","±1,109","(X)","(X)","16,837","±1,044","(X)","(X)","30,108","±1,325","(X)","(X)","18,784","±1,093","(X)","(X)","20,535","±1,054","(X)","(X)","21,675","±1,108","(X)","(X)","27,419","±1,449","(X)","(X)","20,351","±1,417","(X)","(X)"
"        Income in the past 12 months below poverty level","5,455","±804","13.1%","±1.8","7,316","±895","19.9%","±2.5","4,389","±752","11.5%","±1.8","3,195","±625","9.3%","±1.8","2,969","±464","8.0%","±1.2","3,244","±473","8.2%","±1.2","4,558","±623","11.2%","±1.5","4,545","±574","8.5%","±1.1","2,592","±404","6.3%","±0.9","4,279","±847","10.6%","±1.9","4,182","±651","10.2%","±1.5","5,118","±665","12.4%","±1.4","5,223","±569","13.6%","±1.4","3,134","±511","8.8%","±1.4","3,904","±498","7.9%","±0.9","2,078","±373","4.8%","±0.8","2,384","±502","5.9%","±1.2","1,492","±315","3.7%","±0.8","3,141","±539","8.5%","±1.4","1,772","±358","4.1%","±0.8","3,170","±549","7.4%","±1.3","4,820","±661","14.3%","±1.9","4,554","±658","9.5%","±1.3","3,230","±550","6.7%","±1.2","2,057","±430","5.0%","±1.0","1,952","±435","10.5%","±2.2","2,805","±604","14.0%","±2.8","3,204","±513","15.9%","±2.7","3,989","±742","21.5%","±4.0","2,877","±520","15.5%","±2.8","1,692","±349","8.5%","±1.7","2,269","±559","12.9%","±2.9","1,567","±425","9.0%","±2.4","1,687","±393","9.6%","±2.1","1,126","±231","5.8%","±1.2","1,812","±355","8.5%","±1.7","2,030","±378","9.6%","±1.8","2,528","±500","12.8%","±2.4","1,588","±346","8.6%","±1.8","1,607","±358","8.8%","±1.9","1,366","±327","7.7%","±1.9","1,572","±365","9.1%","±2.1","783","±194","3.8%","±0.9","1,377","±328","6.7%","±1.6","1,636","±304","7.5%","±1.5","1,831","±684","9.1%","±3.0","1,755","±356","9.2%","±1.8","3,182","±622","15.0%","±2.6","2,484","±361","12.4%","±1.7","1,800","±358","8.9%","±1.7","2,317","±457","11.2%","±2.1","1,628","±293","7.7%","±1.3","3,614","±492","20.6%","±2.7","1,324","±358","7.7%","±2.0","1,499","±353","8.3%","±1.9","1,992","±401","8.4%","±1.6","1,764","±350","7.3%","±1.4","1,029","±246","4.7%","±1.1","1,299","±299","5.8%","±1.3","1,319","±262","7.3%","±1.5","1,644","±409","9.4%","±2.2","651","±188","3.0%","±0.9","613","±166","2.9%","±0.8","978","±300","5.0%","±1.5","996","±312","5.1%","±1.5","1,075","±269","4.5%","±1.1","1,457","±466","7.5%","±2.4","1,206","±282","5.6%","±1.4","2,172","±501","12.1%","±2.8","2,755","±485","16.4%","±3.0","2,528","±535","8.4%","±1.6","2,170","±503","11.6%","±2.5","1,304","±349","6.4%","±1.7","2,272","±453","10.5%","±2.1","1,391","±231","5.1%","±0.9","1,285","±383","6.3%","±1.8"
"        Income in the past 12 months at or above the poverty level","36,246","±1,421","86.9%","±1.8","29,514","±1,860","80.1%","±2.5","33,681","±1,780","88.5%","±1.8","31,074","±1,276","90.7%","±1.8","34,152","±1,422","92.0%","±1.2","36,508","±1,309","91.8%","±1.2","36,314","±1,461","88.8%","±1.5","48,689","±752","91.5%","±1.1","38,350","±1,660","93.7%","±0.9","36,228","±1,540","89.4%","±1.9","36,936","±1,391","89.8%","±1.5","36,021","±1,349","87.6%","±1.4","33,246","±1,316","86.4%","±1.4","32,401","±1,777","91.2%","±1.4","45,802","±1,637","92.1%","±0.9","41,388","±1,841","95.2%","±0.8","38,180","±1,385","94.1%","±1.2","38,438","±1,727","96.3%","±0.8","33,756","±1,694","91.5%","±1.4","41,066","±1,423","95.9%","±0.8","39,918","±2,195","92.6%","±1.3","28,797","±1,521","85.7%","±1.9","43,456","±1,578","90.5%","±1.3","45,210","±2,123","93.3%","±1.2","39,242","±1,562","95.0%","±1.0","16,625","±979","89.5%","±2.2","17,263","±982","86.0%","±2.8","16,908","±1,478","84.1%","±2.7","14,556","±1,508","78.5%","±4.0","15,715","±1,284","84.5%","±2.8","18,185","±1,271","91.5%","±1.7","15,376","±1,179","87.1%","±2.9","15,887","±1,016","91.0%","±2.4","15,948","±1,211","90.4%","±2.1","18,332","±1,155","94.2%","±1.2","19,519","±1,154","91.5%","±1.7","19,021","±1,098","90.4%","±1.8","17,293","±1,261","87.2%","±2.4","16,861","±1,092","91.4%","±1.8","16,704","±963","91.2%","±1.9","16,322","±1,005","92.3%","±1.9","15,663","±908","90.9%","±2.1","19,566","±1,149","96.2%","±0.9","19,045","±1,253","93.3%","±1.6","20,097","±1,220","92.5%","±1.5","18,187","±1,042","90.9%","±3.0","17,255","±1,000","90.8%","±1.8","18,006","±1,100","85.0%","±2.6","17,611","±867","87.6%","±1.7","18,369","±1,073","91.1%","±1.7","18,373","±1,034","88.8%","±2.1","19,641","±1,200","92.3%","±1.3","13,908","±949","79.4%","±2.7","15,954","±1,575","92.3%","±2.0","16,647","±1,210","91.7%","±1.9","21,792","±1,089","91.6%","±1.6","22,400","±1,404","92.7%","±1.4","20,724","±1,253","95.3%","±1.1","20,975","±1,314","94.2%","±1.3","16,769","±1,288","92.7%","±1.5","15,809","±1,290","90.6%","±2.2","20,734","±1,031","97.0%","±0.9","20,572","±1,152","97.1%","±0.8","18,399","±1,263","95.0%","±1.5","18,594","±1,236","94.9%","±1.5","22,769","±1,112","95.5%","±1.1","18,088","±1,694","92.5%","±2.4","20,324","±1,497","94.4%","±1.4","15,823","±1,178","87.9%","±2.8","14,082","±1,131","83.6%","±3.0","27,580","±1,142","91.6%","±1.6","16,614","±1,051","88.4%","±2.5","19,231","±1,126","93.6%","±1.7","19,403","±1,177","89.5%","±2.1","26,028","±1,440","94.9%","±0.9","19,066","±1,358","93.7%","±1.8"
"    HOUSEHOLD INCOME (IN 2024 INFLATION-ADJUSTED DOLLARS)","","","","","","","","","","","","","","","","","","","","","","","","","","","","","","","","","","","","","","","","","","","","","","","","","","","","","","","","","","","","","","","","","","","","","","","","","","","","","","","","","","","","","","","","","","","","","","","","","","","","","","","","","","","","","","","","","","","","","","","","","","","","","","","","","","","","","","","","","","","","","","","","","","","","","","","","","","","","","","","","","","","","","","","","","","","","","","","","","","","","","","","","","","","","","","","","","","","","","","","","","","","","","","","","","","","","","","","","","","","","","","","","","","","","","","","","","","","","","","","","","","","","","","","","","","","","","","","","","","","","","","","","","","","","","","","","","","","","","","","","","","","","","","","","","","","","","","","","","","","","","","","",""
"        Median Household Income for Households with a Citizen, Voting-Age Householder","80,932","±7,475","(X)","(X)","64,257","±5,751","(X)","(X)","79,699","±3,929","(X)","(X)","98,772","±5,126","(X)","(X)","103,776","±8,024","(X)","(X)","95,175","±6,411","(X)","(X)","96,433","±3,960","(X)","(X)","97,731","±5,355","(X)","(X)","147,866","±9,017","(X)","(X)","87,389","±5,266","(X)","(X)","93,029","±5,903","(X)","(X)","77,406","±3,696","(X)","(X)","78,458","±6,114","(X)","(X)","108,378","±11,348","(X)","(X)","93,468","±3,947","(X)","(X)","123,985","±4,769","(X)","(X)","120,432","±5,697","(X)","(X)","123,778","±5,039","(X)","(X)","106,099","±10,820","(X)","(X)","133,795","±6,353","(X)","(X)","116,921","±4,415","(X)","(X)","90,381","±3,760","(X)","(X)","95,613","±6,773","(X)","(X)","120,884","±5,022","(X)","(X)","157,378","±6,840","(X)","(X)","86,007","±7,997","(X)","(X)","78,080","±11,953","(X)","(X)","73,393","±6,066","(X)","(X)","58,315","±11,312","(X)","(X)","64,437","±5,864","(X)","(X)","92,406","±6,299","(X)","(X)","99,344","±8,409","(X)","(X)","95,651","±8,284","(X)","(X)","96,108","±16,108","(X)","(X)","110,818","±9,690","(X)","(X)","88,154","±4,939","(X)","(X)","100,920","±6,854","(X)","(X)","92,655","±8,952","(X)","(X)","107,460","±7,121","(X)","(X)","90,867","±7,107","(X)","(X)","99,510","±7,598","(X)","(X)","103,015","±8,128","(X)","(X)","161,767","±9,998","(X)","(X)","160,631","±16,361","(X)","(X)","115,375","±10,191","(X)","(X)","125,983","±8,637","(X)","(X)","106,695","±9,065","(X)","(X)","66,624","±5,347","(X)","(X)","75,211","±3,617","(X)","(X)","94,353","±10,101","(X)","(X)","77,640","±6,429","(X)","(X)","111,656","±13,953","(X)","(X)","61,746","±4,802","(X)","(X)","117,422","±18,842","(X)","(X)","93,750","±16,433","(X)","(X)","93,743","±5,188","(X)","(X)","99,838","±11,683","(X)","(X)","128,491","±8,567","(X)","(X)","111,204","±9,506","(X)","(X)","107,871","±7,219","(X)","(X)","118,425","±7,125","(X)","(X)","126,212","±8,209","(X)","(X)","134,489","±8,918","(X)","(X)","123,182","±9,910","(X)","(X)","128,958","±11,753","(X)","(X)","138,682","±7,483","(X)","(X)","110,259","±9,017","(X)","(X)","123,013","±8,859","(X)","(X)","103,970","±8,418","(X)","(X)","79,063","±8,022","(X)","(X)","87,801","±3,000","(X)","(X)","92,930","±10,112","(X)","(X)","142,231","±9,833","(X)","(X)","124,863","±6,974","(X)","(X)","120,266","±6,198","(X)","(X)","151,592","±9,292","(X)","(X)"